"Link_id";"Link_Direction";"Timestamp";"Congestion"
"4688531";"1";"2026-01-19 04:45:00.000";"Low"
"4688548";"1";"2026-01-19 15:00:00.000";"Medium"
"4688549";"1";"2026-01-19 15:00:00.000";"Low"
"4688550";"1";"2026-01-19 15:00:00.000";"Low"
"4825719";"1";"2026-01-19 15:00:00.000";"Low"
"4825719";"2";"2026-01-19 15:00:00.000";"Medium"
"4959032";"1";"2026-01-19 14:30:00.000";"Low"
"4959083";"1";"2026-01-19 15:00:00.000";"Low"
"4959083";"2";"2026-01-19 14:30:00.000";"Low"
"7853485";"2";"2026-01-19 12:45:00.000";"Low"
"7853493";"1";"2026-01-19 14:45:00.000";"Low"
"9774971";"1";"2026-01-19 13:15:00.000";"Low"
"11110026";"1";"2026-01-19 13:15:00.000";"Medium"
"13769164";"1";"2026-01-19 15:00:00.000";"Low"
"13769290";"1";"2026-01-19 15:00:00.000";"Medium"
"13769313";"1";"2026-01-19 02:00:00.000";"Medium"
"13769313";"2";"2026-01-19 08:15:00.000";"Low"
"13866832";"1";"2026-01-19 12:30:00.000";"Low"
"13866835";"1";"2026-01-19 15:00:00.000";"Medium"
"13866973";"1";"2026-01-18 15:00:00.000";"Low"
"13868791";"1";"2026-01-19 15:00:00.000";"Low"
"13873378";"1";"2026-01-19 14:30:00.000";"Low"
"13987098";"1";"2026-01-19 15:00:00.000";"Low"
"14087678";"1";"2026-01-19 14:45:00.000";"Medium"
"14088029";"1";"2026-01-19 12:45:00.000";"Low"
"14088029";"2";"2026-01-19 12:30:00.000";"Low"
"14088080";"1";"2026-01-19 14:30:00.000";"Low"
"14088246";"1";"2026-01-19 15:00:00.000";"Low"
"14088380";"1";"2026-01-19 15:00:00.000";"Low"
"14088780";"1";"2026-01-19 15:00:00.000";"Medium"
"14089056";"1";"2026-01-19 15:00:00.000";"Low"
"14089056";"2";"2026-01-19 15:00:00.000";"Low"
"14121198";"2";"2026-01-19 14:15:00.000";"Low"
"14123851";"1";"2026-01-19 14:15:00.000";"Low"
"14123888";"1";"2026-01-19 14:45:00.000";"Low"
"14124057";"1";"2026-01-19 14:15:00.000";"Low"
"14124723";"2";"2026-01-19 09:00:00.000";"Low"
"14125050";"1";"2026-01-19 14:15:00.000";"Low"
"14125325";"1";"2026-01-19 15:00:00.000";"Low"
"14125455";"1";"2026-01-18 16:45:00.000";"Low"
"14125455";"2";"2026-01-19 01:45:00.000";"Low"
"14125517";"1";"2026-01-19 15:00:00.000";"Low"
"14125517";"2";"2026-01-19 15:00:00.000";"Low"
"14125757";"1";"2026-01-19 15:00:00.000";"Medium"
"14126204";"1";"2026-01-19 15:00:00.000";"Low"
"14126204";"2";"2026-01-19 14:45:00.000";"Low"
"14126223";"1";"2026-01-19 14:45:00.000";"Medium"
"14126239";"1";"2026-01-19 14:45:00.000";"Low"
"14126392";"1";"2026-01-19 15:00:00.000";"Medium"
"14126665";"1";"2026-01-19 15:00:00.000";"Low"
"14129474";"1";"2026-01-19 14:00:00.000";"Low"
"14133333";"1";"2026-01-19 14:15:00.000";"Low"
"14136354";"1";"2026-01-18 18:00:00.000";"Low"
"14136382";"2";"2026-01-19 00:45:00.000";"Low"
"14148260";"1";"2026-01-18 18:45:00.000";"Low"
"14148260";"2";"2026-01-18 19:00:00.000";"Low"
"14149803";"1";"2026-01-18 19:45:00.000";"Low"
"14156116";"1";"2026-01-19 14:00:00.000";"Low"
"14156160";"1";"2026-01-19 12:45:00.000";"Medium"
"14156290";"1";"2026-01-19 00:30:00.000";"Low"
"14156451";"1";"2026-01-19 15:00:00.000";"Low"
"14156451";"2";"2026-01-18 20:00:00.000";"Medium"
"14156516";"2";"2026-01-19 15:00:00.000";"Low"
"14156541";"1";"2026-01-19 15:00:00.000";"Low"
"14156574";"1";"2026-01-19 15:00:00.000";"Low"
"14156737";"1";"2026-01-19 13:00:00.000";"Medium"
"14157039";"1";"2026-01-19 08:45:00.000";"Low"
"14157039";"2";"2026-01-19 12:45:00.000";"Low"
"14157112";"1";"2026-01-19 15:00:00.000";"Low"
"14157560";"2";"2026-01-18 21:00:00.000";"Low"
"14158208";"1";"2026-01-19 15:00:00.000";"Low"
"14158208";"2";"2026-01-19 15:00:00.000";"Low"
"14158533";"1";"2026-01-19 14:45:00.000";"Low"
"14158682";"1";"2026-01-19 09:00:00.000";"Low"
"14158740";"1";"2026-01-19 15:00:00.000";"Low"
"14159505";"1";"2026-01-19 15:00:00.000";"Low"
"14159652";"1";"2026-01-19 14:45:00.000";"Low"
"14159652";"2";"2026-01-18 15:15:00.000";"Medium"
"14159709";"1";"2026-01-19 15:00:00.000";"Low"
"14159730";"1";"2026-01-19 14:45:00.000";"Low"
"14159730";"2";"2026-01-19 14:45:00.000";"Low"
"14159818";"1";"2026-01-19 15:00:00.000";"Medium"
"14159918";"1";"2026-01-19 14:15:00.000";"Medium"
"14159984";"1";"2026-01-19 13:00:00.000";"Medium"
"14163308";"2";"2026-01-19 14:00:00.000";"Low"
"14172794";"1";"2026-01-19 15:00:00.000";"Low"
"14172997";"1";"2026-01-19 14:45:00.000";"Low"
"14172997";"2";"2026-01-19 15:00:00.000";"Low"
"14173176";"1";"2026-01-19 15:00:00.000";"Low"
"14174158";"1";"2026-01-19 14:30:00.000";"Medium"
"14248856";"1";"2026-01-19 13:45:00.000";"Low"
"14249003";"1";"2026-01-19 11:30:00.000";"Low"
"14249189";"1";"2026-01-19 11:30:00.000";"Low"
"14250441";"1";"2026-01-19 15:00:00.000";"Low"
"14250470";"1";"2026-01-19 15:00:00.000";"Low"
"14250485";"1";"2026-01-19 15:00:00.000";"Low"
"14250490";"1";"2026-01-19 15:00:00.000";"Low"
"14250729";"1";"2026-01-19 10:15:00.000";"Low"
"14250889";"1";"2026-01-19 07:00:00.000";"Low"
"14251287";"1";"2026-01-19 15:00:00.000";"Low"
"14251378";"1";"2026-01-19 15:00:00.000";"Low"
"14251667";"1";"2026-01-19 15:00:00.000";"Low"
"14251756";"1";"2026-01-19 15:00:00.000";"Low"
"14251908";"1";"2026-01-19 10:30:00.000";"Low"
"14251968";"1";"2026-01-19 15:00:00.000";"Low"
"14252079";"1";"2026-01-19 14:45:00.000";"Low"
"14252175";"1";"2026-01-19 13:00:00.000";"Low"
"14290764";"1";"2026-01-19 14:30:00.000";"Low"
"14290764";"2";"2026-01-19 15:00:00.000";"Low"
"14290926";"1";"2026-01-19 15:00:00.000";"Low"
"14290961";"1";"2026-01-19 15:00:00.000";"Low"
"14291050";"1";"2026-01-19 15:00:00.000";"Medium"
"14291173";"1";"2026-01-19 15:00:00.000";"High"
"14291356";"1";"2026-01-19 15:00:00.000";"Low"
"14292307";"1";"2026-01-19 15:00:00.000";"Low"
"14292503";"1";"2026-01-19 15:00:00.000";"Low"
"14292503";"2";"2026-01-19 01:45:00.000";"Medium"
"14293073";"1";"2026-01-19 15:00:00.000";"Low"
"14293073";"2";"2026-01-19 15:00:00.000";"Medium"
"14293311";"1";"2026-01-19 15:00:00.000";"Low"
"14293311";"2";"2026-01-19 14:00:00.000";"Low"
"14293732";"1";"2026-01-18 21:45:00.000";"Low"
"14293732";"2";"2026-01-19 08:45:00.000";"Low"
"14293829";"1";"2026-01-19 15:00:00.000";"Low"
"14294151";"1";"2026-01-19 15:00:00.000";"Low"
"14294384";"1";"2026-01-19 14:30:00.000";"Low"
"14295633";"1";"2026-01-19 15:00:00.000";"Low"
"14296060";"1";"2026-01-19 14:45:00.000";"Medium"
"14296129";"1";"2026-01-19 14:00:00.000";"Low"
"14296206";"1";"2026-01-19 15:00:00.000";"Medium"
"14296674";"1";"2026-01-19 15:00:00.000";"Medium"
"14298307";"1";"2026-01-19 15:00:00.000";"Low"
"14298350";"1";"2026-01-19 15:00:00.000";"Low"
"14298631";"1";"2026-01-19 14:30:00.000";"Low"
"14298631";"2";"2026-01-19 15:00:00.000";"Low"
"14299546";"1";"2026-01-19 14:45:00.000";"Low"
"14299650";"1";"2026-01-19 14:30:00.000";"Low"
"14299694";"1";"2026-01-19 15:00:00.000";"Low"
"14299750";"1";"2026-01-19 14:45:00.000";"Low"
"14300100";"1";"2026-01-19 13:00:00.000";"Low"
"14300453";"1";"2026-01-19 14:30:00.000";"Low"
"14300516";"1";"2026-01-19 15:00:00.000";"Medium"
"14300592";"1";"2026-01-19 14:15:00.000";"Low"
"14300991";"1";"2026-01-19 14:00:00.000";"Low"
"14301106";"1";"2026-01-19 15:00:00.000";"Low"
"14301500";"1";"2026-01-19 14:30:00.000";"High"
"14301548";"1";"2026-01-19 14:45:00.000";"Low"
"14301626";"1";"2026-01-19 14:30:00.000";"Low"
"14301667";"2";"2026-01-19 15:00:00.000";"Low"
"14301746";"1";"2026-01-19 15:00:00.000";"Medium"
"14301805";"1";"2026-01-19 15:00:00.000";"High"
"14301857";"1";"2026-01-19 08:30:00.000";"Low"
"14302121";"1";"2026-01-19 15:00:00.000";"Low"
"14302366";"1";"2026-01-19 14:00:00.000";"Low"
"14302441";"1";"2026-01-19 14:00:00.000";"Low"
"14302490";"1";"2026-01-19 15:00:00.000";"Low"
"14312752";"1";"2026-01-18 19:15:00.000";"Low"
"14313197";"1";"2026-01-19 14:15:00.000";"Low"
"14313206";"1";"2026-01-19 14:15:00.000";"Low"
"14315755";"1";"2026-01-19 10:30:00.000";"Medium"
"14315859";"1";"2026-01-19 12:45:00.000";"Low"
"14315859";"2";"2026-01-18 16:45:00.000";"Low"
"14324217";"1";"2026-01-19 15:00:00.000";"Low"
"14324433";"1";"2026-01-19 10:00:00.000";"Low"
"14324654";"2";"2026-01-19 05:15:00.000";"Low"
"14325207";"1";"2026-01-19 13:15:00.000";"Low"
"14325233";"1";"2026-01-19 13:00:00.000";"Low"
"14337884";"1";"2026-01-19 13:45:00.000";"Low"
"14337884";"2";"2026-01-18 20:15:00.000";"Low"
"14338038";"1";"2026-01-18 15:00:00.000";"Low"
"14338255";"1";"2026-01-19 14:45:00.000";"Low"
"14338944";"1";"2026-01-19 13:45:00.000";"Low"
"14339129";"1";"2026-01-19 04:00:00.000";"Low"
"14339129";"2";"2026-01-19 09:45:00.000";"High"
"14339139";"1";"2026-01-19 13:15:00.000";"Low"
"14339139";"2";"2026-01-19 13:15:00.000";"Low"
"14339147";"1";"2026-01-19 15:00:00.000";"Low"
"14339182";"1";"2026-01-19 15:00:00.000";"Low"
"14339401";"1";"2026-01-19 14:45:00.000";"Low"
"14339410";"1";"2026-01-19 14:45:00.000";"Low"
"14339433";"1";"2026-01-19 15:00:00.000";"Low"
"14339485";"1";"2026-01-19 15:00:00.000";"Low"
"14339502";"1";"2026-01-19 15:00:00.000";"Low"
"14339504";"1";"2026-01-19 15:00:00.000";"Low"
"14339512";"1";"2026-01-19 15:00:00.000";"Low"
"14339661";"1";"2026-01-19 15:00:00.000";"Low"
"14341801";"1";"2026-01-19 14:45:00.000";"Low"
"14341855";"1";"2026-01-19 14:45:00.000";"Low"
"14341870";"1";"2026-01-19 10:45:00.000";"Low"
"14341935";"1";"2026-01-18 16:00:00.000";"Low"
"14341937";"1";"2026-01-19 10:45:00.000";"Low"
"14342395";"1";"2026-01-19 12:45:00.000";"Low"
"14342396";"1";"2026-01-19 09:45:00.000";"Low"
"14342606";"1";"2026-01-19 14:15:00.000";"Low"
"14342611";"1";"2026-01-19 14:15:00.000";"Low"
"14342645";"1";"2026-01-19 14:30:00.000";"Low"
"14342655";"1";"2026-01-19 13:45:00.000";"Low"
"14342709";"1";"2026-01-19 14:00:00.000";"Low"
"14342725";"1";"2026-01-19 11:45:00.000";"Low"
"14342740";"1";"2026-01-19 14:30:00.000";"Low"
"14342770";"1";"2026-01-19 14:15:00.000";"Low"
"14342775";"1";"2026-01-19 14:45:00.000";"Low"
"14342787";"1";"2026-01-19 14:30:00.000";"Low"
"14342886";"1";"2026-01-19 12:45:00.000";"Low"
"14342900";"1";"2026-01-19 14:00:00.000";"Low"
"14378472";"1";"2026-01-19 15:00:00.000";"Low"
"14378477";"1";"2026-01-19 15:00:00.000";"Low"
"14378651";"1";"2026-01-19 14:30:00.000";"Low"
"14378652";"2";"2026-01-19 15:00:00.000";"Low"
"14406488";"1";"2026-01-19 13:45:00.000";"Low"
"14406488";"2";"2026-01-19 15:00:00.000";"Low"
"14406656";"2";"2026-01-19 14:45:00.000";"Low"
"14406665";"2";"2026-01-19 14:45:00.000";"Low"
"14406949";"1";"2026-01-19 14:30:00.000";"Low"
"14406987";"1";"2026-01-19 14:15:00.000";"Low"
"14406996";"1";"2026-01-19 10:45:00.000";"Low"
"14407394";"1";"2026-01-19 14:15:00.000";"Low"
"14407399";"1";"2026-01-19 10:45:00.000";"Low"
"14407436";"1";"2026-01-19 14:15:00.000";"Low"
"14407439";"1";"2026-01-19 15:00:00.000";"Low"
"14407750";"1";"2026-01-19 11:30:00.000";"Low"
"14407999";"1";"2026-01-19 10:15:00.000";"Low"
"14408007";"1";"2026-01-19 14:45:00.000";"Low"
"14408441";"1";"2026-01-19 14:45:00.000";"Low"
"14408446";"1";"2026-01-19 09:30:00.000";"Low"
"14408489";"1";"2026-01-19 12:00:00.000";"Low"
"14408494";"1";"2026-01-19 14:45:00.000";"Low"
"14408727";"1";"2026-01-19 14:30:00.000";"Low"
"14409309";"1";"2026-01-19 10:30:00.000";"Low"
"14409319";"1";"2026-01-19 14:45:00.000";"Low"
"14409357";"1";"2026-01-19 12:00:00.000";"Low"
"14409396";"1";"2026-01-19 10:30:00.000";"Low"
"14409438";"1";"2026-01-19 12:00:00.000";"Low"
"14409597";"1";"2026-01-19 12:00:00.000";"Low"
"14409606";"1";"2026-01-19 14:45:00.000";"Low"
"14410063";"1";"2026-01-19 14:30:00.000";"Low"
"14410072";"1";"2026-01-19 12:00:00.000";"Low"
"14410074";"1";"2026-01-19 12:00:00.000";"Low"
"14410140";"1";"2026-01-19 14:45:00.000";"Low"
"14410143";"1";"2026-01-19 14:30:00.000";"Low"
"14410227";"1";"2026-01-19 12:00:00.000";"Low"
"14410233";"1";"2026-01-19 14:45:00.000";"Low"
"14410302";"1";"2026-01-19 11:00:00.000";"Low"
"14410312";"1";"2026-01-19 12:00:00.000";"Low"
"14410320";"1";"2026-01-19 15:00:00.000";"Low"
"14410332";"1";"2026-01-19 14:45:00.000";"Low"
"14427904";"2";"2026-01-19 14:00:00.000";"Low"
"14427954";"1";"2026-01-19 14:45:00.000";"Low"
"14428028";"1";"2026-01-19 12:00:00.000";"Low"
"14429725";"2";"2026-01-18 17:00:00.000";"Low"
"14429918";"1";"2026-01-19 15:00:00.000";"Low"
"14437279";"1";"2026-01-19 14:45:00.000";"Low"
"14437279";"2";"2026-01-19 13:15:00.000";"Low"
"14437322";"1";"2026-01-19 14:30:00.000";"Low"
"14437826";"1";"2026-01-19 15:00:00.000";"Medium"
"14437889";"1";"2026-01-19 15:00:00.000";"Medium"
"14437894";"1";"2026-01-19 13:00:00.000";"Low"
"14437901";"1";"2026-01-19 14:30:00.000";"Low"
"14437917";"1";"2026-01-19 15:00:00.000";"Low"
"14437962";"1";"2026-01-19 14:45:00.000";"Low"
"14437967";"1";"2026-01-19 15:00:00.000";"Low"
"14437981";"1";"2026-01-19 14:45:00.000";"Low"
"14438000";"1";"2026-01-19 14:30:00.000";"Low"
"14438058";"1";"2026-01-19 15:00:00.000";"Low"
"14438066";"1";"2026-01-19 15:00:00.000";"Low"
"14438096";"1";"2026-01-19 14:30:00.000";"Low"
"14438102";"1";"2026-01-19 14:00:00.000";"Low"
"14438127";"1";"2026-01-19 11:00:00.000";"Low"
"14438184";"1";"2026-01-19 14:30:00.000";"Low"
"14438186";"1";"2026-01-19 15:00:00.000";"Medium"
"14438255";"1";"2026-01-19 15:00:00.000";"Low"
"14438352";"1";"2026-01-19 14:00:00.000";"Low"
"14438365";"1";"2026-01-19 11:00:00.000";"Low"
"14438451";"1";"2026-01-19 14:15:00.000";"Low"
"14438452";"1";"2026-01-19 15:00:00.000";"Low"
"14516195";"1";"2026-01-19 09:15:00.000";"Low"
"14516195";"2";"2026-01-19 08:45:00.000";"Medium"
"14516234";"1";"2026-01-19 02:15:00.000";"Low"
"14516234";"2";"2026-01-18 19:30:00.000";"Medium"
"14516814";"2";"2026-01-19 07:45:00.000";"Medium"
"14516895";"1";"2026-01-19 14:00:00.000";"Low"
"14517137";"1";"2026-01-19 12:30:00.000";"Medium"
"14596132";"1";"2026-01-18 18:30:00.000";"Low"
"14624676";"1";"2026-01-19 13:30:00.000";"Low"
"14625276";"1";"2026-01-18 18:45:00.000";"Medium"
"14736428";"2";"2026-01-18 19:15:00.000";"Low"
"14740869";"1";"2026-01-19 09:30:00.000";"Low"
"14741229";"1";"2026-01-19 12:30:00.000";"Low"
"14743066";"1";"2026-01-19 15:00:00.000";"Low"
"14743162";"1";"2026-01-19 13:30:00.000";"Low"
"14743222";"1";"2026-01-19 15:00:00.000";"Low"
"14743222";"2";"2026-01-19 13:45:00.000";"Low"
"14743327";"1";"2026-01-19 14:00:00.000";"Low"
"14743327";"2";"2026-01-18 16:15:00.000";"Low"
"14748762";"1";"2026-01-18 19:00:00.000";"Low"
"14748942";"1";"2026-01-19 11:00:00.000";"Medium"
"14750400";"1";"2026-01-19 08:15:00.000";"Low"
"14751179";"2";"2026-01-18 16:30:00.000";"Low"
"14751527";"1";"2026-01-19 08:15:00.000";"Low"
"14755041";"1";"2026-01-19 03:15:00.000";"Low"
"14755041";"2";"2026-01-19 03:15:00.000";"Low"
"14755081";"1";"2026-01-19 13:45:00.000";"Low"
"14756023";"1";"2026-01-19 11:15:00.000";"Low"
"14756023";"2";"2026-01-19 10:15:00.000";"Low"
"14765766";"1";"2026-01-18 18:30:00.000";"Low"
"14773230";"1";"2026-01-19 12:15:00.000";"Medium"
"14781305";"1";"2026-01-19 15:00:00.000";"Low"
"14781932";"1";"2026-01-19 14:45:00.000";"Low"
"14782349";"1";"2026-01-19 15:00:00.000";"Low"
"14782480";"1";"2026-01-18 22:00:00.000";"Medium"
"14783001";"1";"2026-01-19 15:00:00.000";"Medium"
"14783090";"1";"2026-01-19 15:00:00.000";"Low"
"14783245";"1";"2026-01-19 15:00:00.000";"High"
"14783561";"1";"2026-01-19 15:00:00.000";"Medium"
"14784002";"1";"2026-01-19 13:45:00.000";"Low"
"14784185";"1";"2026-01-19 15:00:00.000";"Low"
"14784363";"1";"2026-01-19 15:00:00.000";"Low"
"14785866";"1";"2026-01-19 15:00:00.000";"Medium"
"14785963";"1";"2026-01-19 15:00:00.000";"Medium"
"14786207";"1";"2026-01-19 15:00:00.000";"Medium"
"14786826";"1";"2026-01-18 23:30:00.000";"Low"
"14787061";"1";"2026-01-19 12:15:00.000";"Medium"
"14787343";"1";"2026-01-19 14:45:00.000";"Medium"
"14791766";"1";"2026-01-19 15:00:00.000";"Low"
"14792921";"1";"2026-01-19 14:45:00.000";"Medium"
"14794438";"1";"2026-01-19 15:00:00.000";"Low"
"14794988";"1";"2026-01-19 15:00:00.000";"Low"
"14795503";"1";"2026-01-19 15:00:00.000";"Low"
"14795590";"1";"2026-01-19 15:00:00.000";"Low"
"14795656";"2";"2026-01-19 08:15:00.000";"Low"
"14795856";"1";"2026-01-19 13:00:00.000";"Low"
"14795856";"2";"2026-01-19 12:45:00.000";"Low"
"14796128";"1";"2026-01-19 15:00:00.000";"Low"
"14796237";"2";"2026-01-19 11:45:00.000";"High"
"14796577";"1";"2026-01-19 08:30:00.000";"Medium"
"14796854";"2";"2026-01-19 15:00:00.000";"Low"
"14798183";"1";"2026-01-19 15:00:00.000";"Medium"
"14798387";"2";"2026-01-19 07:45:00.000";"Medium"
"14798438";"1";"2026-01-18 15:00:00.000";"Medium"
"14798438";"2";"2026-01-19 10:00:00.000";"Low"
"14798858";"1";"2026-01-19 15:00:00.000";"High"
"14798944";"1";"2026-01-19 14:30:00.000";"Low"
"14799032";"1";"2026-01-19 15:00:00.000";"Medium"
"14799150";"2";"2026-01-19 15:00:00.000";"Low"
"14799250";"1";"2026-01-19 13:45:00.000";"Medium"
"14799416";"1";"2026-01-19 14:00:00.000";"Low"
"14799485";"1";"2026-01-19 15:00:00.000";"Medium"
"14799577";"1";"2026-01-19 15:00:00.000";"Low"
"14799706";"1";"2026-01-19 15:00:00.000";"Low"
"14799975";"1";"2026-01-19 14:15:00.000";"Low"
"14801337";"1";"2026-01-19 15:00:00.000";"Low"
"14801337";"2";"2026-01-19 15:00:00.000";"Low"
"14801679";"1";"2026-01-19 15:00:00.000";"Low"
"14801679";"2";"2026-01-19 15:00:00.000";"Low"
"14801834";"1";"2026-01-19 14:15:00.000";"Low"
"14801834";"2";"2026-01-19 14:45:00.000";"Low"
"14801921";"1";"2026-01-19 15:00:00.000";"Low"
"14802356";"1";"2026-01-19 14:30:00.000";"Low"
"14802552";"1";"2026-01-18 17:45:00.000";"Low"
"14802632";"1";"2026-01-19 14:00:00.000";"Low"
"14802803";"1";"2026-01-19 14:45:00.000";"Low"
"14803551";"1";"2026-01-19 13:30:00.000";"Medium"
"14803623";"1";"2026-01-19 15:00:00.000";"Low"
"14803773";"1";"2026-01-19 14:45:00.000";"Low"
"14804056";"1";"2026-01-19 15:00:00.000";"Low"
"14804104";"1";"2026-01-19 15:00:00.000";"Low"
"14804195";"1";"2026-01-19 12:45:00.000";"Medium"
"14804195";"2";"2026-01-19 13:15:00.000";"Low"
"14804282";"1";"2026-01-19 15:00:00.000";"Low"
"14804466";"1";"2026-01-19 15:00:00.000";"Low"
"14804686";"1";"2026-01-19 15:00:00.000";"Low"
"14804686";"2";"2026-01-19 15:00:00.000";"Low"
"14804971";"1";"2026-01-19 14:15:00.000";"Low"
"14804971";"2";"2026-01-19 10:15:00.000";"Low"
"14805069";"1";"2026-01-19 15:00:00.000";"Medium"
"14805240";"1";"2026-01-19 14:30:00.000";"Low"
"14805458";"1";"2026-01-19 15:00:00.000";"Low"
"14805500";"1";"2026-01-19 14:00:00.000";"Low"
"14805644";"1";"2026-01-19 15:00:00.000";"Low"
"14805958";"1";"2026-01-19 08:30:00.000";"Low"
"14805958";"2";"2026-01-19 11:15:00.000";"Low"
"14806195";"1";"2026-01-19 14:00:00.000";"Low"
"14806250";"1";"2026-01-19 14:15:00.000";"Low"
"14806283";"1";"2026-01-19 15:00:00.000";"Low"
"14814626";"2";"2026-01-19 12:30:00.000";"Low"
"14815620";"1";"2026-01-19 13:45:00.000";"Low"
"14815962";"1";"2026-01-19 13:45:00.000";"Medium"
"14816718";"1";"2026-01-19 08:15:00.000";"Low"
"14818596";"2";"2026-01-19 14:15:00.000";"Low"
"14818908";"1";"2026-01-18 16:15:00.000";"Low"
"14818908";"2";"2026-01-19 13:30:00.000";"Low"
"14819259";"1";"2026-01-19 15:00:00.000";"Low"
"14819259";"2";"2026-01-18 21:45:00.000";"Low"
"14819329";"1";"2026-01-19 15:00:00.000";"Low"
"14819576";"1";"2026-01-19 12:45:00.000";"Low"
"14819836";"1";"2026-01-18 18:00:00.000";"High"
"14820026";"1";"2026-01-19 10:15:00.000";"Low"
"14820026";"2";"2026-01-19 15:00:00.000";"Low"
"14820105";"1";"2026-01-19 12:15:00.000";"Low"
"14820351";"1";"2026-01-18 18:30:00.000";"Low"
"14820351";"2";"2026-01-19 12:45:00.000";"Low"
"14820400";"2";"2026-01-19 01:30:00.000";"Low"
"14820451";"2";"2026-01-19 09:00:00.000";"High"
"14820485";"2";"2026-01-19 14:45:00.000";"Low"
"14820840";"1";"2026-01-19 13:45:00.000";"Low"
"14820840";"2";"2026-01-19 14:15:00.000";"Low"
"14821215";"1";"2026-01-19 12:30:00.000";"Low"
"14821342";"2";"2026-01-19 12:30:00.000";"Low"
"14821399";"1";"2026-01-19 12:30:00.000";"Medium"
"14821569";"2";"2026-01-19 12:30:00.000";"Low"
"14821801";"1";"2026-01-19 10:45:00.000";"Medium"
"14821991";"1";"2026-01-19 14:45:00.000";"Low"
"14822090";"2";"2026-01-19 14:30:00.000";"Medium"
"14822144";"2";"2026-01-19 13:00:00.000";"Low"
"14822336";"2";"2026-01-18 21:45:00.000";"Medium"
"14822504";"2";"2026-01-19 11:00:00.000";"Low"
"14822553";"2";"2026-01-19 10:15:00.000";"Medium"
"14822628";"2";"2026-01-19 13:45:00.000";"Low"
"14824201";"2";"2026-01-19 10:30:00.000";"Medium"
"14874346";"1";"2026-01-19 14:15:00.000";"Medium"
"14874482";"1";"2026-01-19 13:45:00.000";"Medium"
"14874863";"1";"2026-01-18 23:00:00.000";"Low"
"14874946";"1";"2026-01-19 14:30:00.000";"Low"
"14885583";"2";"2026-01-19 15:00:00.000";"Low"
"14885658";"1";"2026-01-19 15:00:00.000";"Low"
"14886063";"1";"2026-01-19 12:00:00.000";"Low"
"14886090";"1";"2026-01-19 14:00:00.000";"Low"
"14886131";"2";"2026-01-19 14:00:00.000";"Low"
"14886372";"1";"2026-01-19 12:15:00.000";"Medium"
"14886450";"1";"2026-01-19 13:30:00.000";"Low"
"14886517";"1";"2026-01-19 15:00:00.000";"Medium"
"14886589";"1";"2026-01-19 15:00:00.000";"High"
"14886643";"1";"2026-01-19 15:00:00.000";"Low"
"14886676";"1";"2026-01-19 14:15:00.000";"Low"
"14886850";"1";"2026-01-19 15:00:00.000";"High"
"14886877";"2";"2026-01-19 14:30:00.000";"Low"
"14886931";"1";"2026-01-19 14:45:00.000";"Medium"
"14886998";"1";"2026-01-19 14:00:00.000";"Medium"
"14887029";"2";"2026-01-19 14:15:00.000";"Medium"
"14887079";"1";"2026-01-19 13:30:00.000";"Medium"
"14887157";"1";"2026-01-19 14:30:00.000";"Medium"
"14887217";"1";"2026-01-19 14:45:00.000";"Medium"
"14887276";"1";"2026-01-19 14:45:00.000";"Low"
"14887286";"1";"2026-01-19 13:45:00.000";"Medium"
"14887315";"1";"2026-01-19 12:45:00.000";"Medium"
"14887315";"2";"2026-01-19 11:30:00.000";"Medium"
"14887331";"2";"2026-01-19 15:00:00.000";"Low"
"14887338";"1";"2026-01-19 14:30:00.000";"Medium"
"14887363";"1";"2026-01-19 15:00:00.000";"Low"
"14887383";"1";"2026-01-18 20:45:00.000";"Low"
"14887427";"1";"2026-01-19 15:00:00.000";"Low"
"14887439";"1";"2026-01-19 10:00:00.000";"High"
"14887464";"1";"2026-01-19 15:00:00.000";"Medium"
"14887480";"1";"2026-01-19 15:00:00.000";"Low"
"14887505";"1";"2026-01-19 13:00:00.000";"Medium"
"14887548";"1";"2026-01-19 12:30:00.000";"Medium"
"14887589";"1";"2026-01-19 15:00:00.000";"Medium"
"14887612";"1";"2026-01-19 14:15:00.000";"Low"
"14887612";"2";"2026-01-19 14:30:00.000";"Low"
"14887692";"1";"2026-01-19 11:30:00.000";"High"
"14887699";"1";"2026-01-19 15:00:00.000";"Medium"
"14887702";"1";"2026-01-19 14:30:00.000";"Medium"
"14887703";"1";"2026-01-19 15:00:00.000";"Medium"
"14887704";"1";"2026-01-19 15:00:00.000";"Low"
"14887706";"1";"2026-01-19 12:00:00.000";"High"
"14887718";"1";"2026-01-19 10:45:00.000";"Low"
"14887718";"2";"2026-01-18 17:45:00.000";"Low"
"14887720";"1";"2026-01-19 13:30:00.000";"Low"
"14887729";"1";"2026-01-19 14:30:00.000";"Low"
"14887771";"1";"2026-01-19 12:15:00.000";"Low"
"14887780";"2";"2026-01-19 14:30:00.000";"Low"
"14887782";"1";"2026-01-19 14:45:00.000";"Low"
"14887783";"1";"2026-01-19 15:00:00.000";"Low"
"14887790";"1";"2026-01-19 14:15:00.000";"Low"
"14887807";"1";"2026-01-19 07:45:00.000";"Low"
"14887827";"1";"2026-01-19 15:00:00.000";"Low"
"14887827";"2";"2026-01-19 14:45:00.000";"Low"
"14887868";"1";"2026-01-19 14:15:00.000";"Low"
"14888059";"1";"2026-01-19 11:15:00.000";"Medium"
"14888136";"1";"2026-01-19 15:00:00.000";"Low"
"14888279";"2";"2026-01-19 09:15:00.000";"Low"
"14888327";"1";"2026-01-19 14:00:00.000";"Medium"
"14888340";"1";"2026-01-19 14:45:00.000";"Low"
"14888352";"1";"2026-01-19 14:00:00.000";"Medium"
"14888397";"1";"2026-01-19 15:00:00.000";"Low"
"14888434";"1";"2026-01-19 08:30:00.000";"Medium"
"14888483";"1";"2026-01-19 15:00:00.000";"Low"
"14888697";"1";"2026-01-19 14:30:00.000";"Low"
"14888697";"2";"2026-01-19 15:00:00.000";"Low"
"14888749";"1";"2026-01-19 15:00:00.000";"Low"
"14888755";"1";"2026-01-19 15:00:00.000";"Low"
"14889522";"1";"2026-01-19 14:45:00.000";"Low"
"14889528";"1";"2026-01-19 12:15:00.000";"Medium"
"14889547";"1";"2026-01-19 14:00:00.000";"Low"
"14889553";"1";"2026-01-19 13:00:00.000";"Low"
"14889556";"1";"2026-01-19 14:30:00.000";"Low"
"14889577";"1";"2026-01-19 13:45:00.000";"Low"
"14889599";"1";"2026-01-19 14:15:00.000";"Low"
"14889611";"1";"2026-01-19 13:30:00.000";"Medium"
"14889671";"1";"2026-01-19 14:30:00.000";"Low"
